{
  "backprop" : true,
  "backpropType" : "Standard",
  "cacheMode" : "NONE",
  "defaultConfiguration" : {
    "cacheMode" : "NONE",
    "epochCount" : 0,
    "iterationCount" : 0,
    "l1ByParam" : { },
    "l2ByParam" : { },
    "layer" : null,
    "maxNumLineSearchIterations" : 5,
    "miniBatch" : true,
    "minimize" : true,
    "optimizationAlgo" : "STOCHASTIC_GRADIENT_DESCENT",
    "pretrain" : false,
    "seed" : 1525450631586,
    "stepFunction" : null,
    "variables" : [ "embeddingEncoder_W", "encoder_W", "encoder_RW", "encoder_b", "decoder_W", "decoder_RW", "decoder_b", "output_W", "output_b" ]
  },
  "epochCount" : 631,
  "inferenceWorkspaceMode" : "SEPARATE",
  "iterationCount" : 3150,
  "networkInputs" : [ "inputLine", "decoderInput" ],
  "networkOutputs" : [ "output" ],
  "pretrain" : false,
  "tbpttBackLength" : 25,
  "tbpttFwdLength" : 25,
  "trainingWorkspaceMode" : "SEPARATE",
  "vertexInputs" : {
    "embeddingEncoder" : [ "inputLine" ],
    "encoder" : [ "embeddingEncoder" ],
    "thoughtVector" : [ "encoder" ],
    "dup" : [ "thoughtVector" ],
    "merge" : [ "decoderInput", "dup" ],
    "decoder" : [ "merge" ],
    "output" : [ "decoder" ]
  },
  "vertices" : {
    "embeddingEncoder" : {
      "LayerVertex" : {
        "layerConf" : {
          "cacheMode" : "NONE",
          "epochCount" : 0,
          "iterationCount" : 0,
          "l1ByParam" : {
            "W" : 0.0
          },
          "l2ByParam" : {
            "W" : 0.0
          },
          "layer" : {
            "embedding" : {
              "activationFn" : {
                "Sigmoid" : { }
              },
              "biasInit" : 0.0,
              "biasUpdater" : null,
              "constraints" : null,
              "dist" : null,
              "gradientNormalization" : "RenormalizeL2PerLayer",
              "gradientNormalizationThreshold" : 1.0,
              "hasBias" : false,
              "idropout" : null,
              "iupdater" : {
                "@class" : "org.nd4j.linalg.learning.config.RmsProp",
                "epsilon" : 1.0E-8,
                "learningRate" : 0.1,
                "rmsDecay" : 0.95
              },
              "l1" : 0.0,
              "l1Bias" : 0.0,
              "l2" : 0.0,
              "l2Bias" : 0.0,
              "layerName" : "embeddingEncoder",
              "nin" : 371,
              "nout" : 128,
              "weightInit" : "XAVIER",
              "weightNoise" : null
            }
          },
          "maxNumLineSearchIterations" : 5,
          "miniBatch" : true,
          "minimize" : true,
          "optimizationAlgo" : "STOCHASTIC_GRADIENT_DESCENT",
          "pretrain" : false,
          "seed" : 1525450631586,
          "stepFunction" : null,
          "variables" : [ "W" ]
        },
        "outputVertex" : false,
        "preProcessor" : {
          "rnnToFeedForward" : { }
        }
      }
    },
    "encoder" : {
      "LayerVertex" : {
        "layerConf" : {
          "cacheMode" : "NONE",
          "epochCount" : 0,
          "iterationCount" : 0,
          "l1ByParam" : {
            "b" : 0.0,
            "RW" : 0.0,
            "W" : 0.0
          },
          "l2ByParam" : {
            "b" : 0.0,
            "RW" : 0.0,
            "W" : 0.0
          },
          "layer" : {
            "gravesLSTM" : {
              "activationFn" : {
                "TanH" : { }
              },
              "biasInit" : 0.0,
              "biasUpdater" : null,
              "constraints" : null,
              "dist" : null,
              "distRecurrent" : null,
              "forgetGateBiasInit" : 1.0,
              "gateActivationFn" : {
                "Sigmoid" : { }
              },
              "gradientNormalization" : "RenormalizeL2PerLayer",
              "gradientNormalizationThreshold" : 1.0,
              "idropout" : null,
              "iupdater" : {
                "@class" : "org.nd4j.linalg.learning.config.RmsProp",
                "epsilon" : 1.0E-8,
                "learningRate" : 0.1,
                "rmsDecay" : 0.95
              },
              "l1" : 0.0,
              "l1Bias" : 0.0,
              "l2" : 0.0,
              "l2Bias" : 0.0,
              "layerName" : "encoder",
              "nin" : 128,
              "nout" : 512,
              "weightInit" : "XAVIER",
              "weightInitRecurrent" : null,
              "weightNoise" : null
            }
          },
          "maxNumLineSearchIterations" : 5,
          "miniBatch" : true,
          "minimize" : true,
          "optimizationAlgo" : "STOCHASTIC_GRADIENT_DESCENT",
          "pretrain" : false,
          "seed" : 1525450631586,
          "stepFunction" : null,
          "variables" : [ "W", "RW", "b" ]
        },
        "outputVertex" : false,
        "preProcessor" : {
          "feedForwardToRnn" : { }
        }
      }
    },
    "thoughtVector" : {
      "LastTimeStepVertex" : {
        "maskArrayInputName" : "inputLine"
      }
    },
    "dup" : {
      "DuplicateToTimeSeriesVertex" : {
        "inputName" : "decoderInput"
      }
    },
    "merge" : {
      "MergeVertex" : { }
    },
    "decoder" : {
      "LayerVertex" : {
        "layerConf" : {
          "cacheMode" : "NONE",
          "epochCount" : 0,
          "iterationCount" : 0,
          "l1ByParam" : {
            "b" : 0.0,
            "RW" : 0.0,
            "W" : 0.0
          },
          "l2ByParam" : {
            "b" : 0.0,
            "RW" : 0.0,
            "W" : 0.0
          },
          "layer" : {
            "gravesLSTM" : {
              "activationFn" : {
                "TanH" : { }
              },
              "biasInit" : 0.0,
              "biasUpdater" : null,
              "constraints" : null,
              "dist" : null,
              "distRecurrent" : null,
              "forgetGateBiasInit" : 1.0,
              "gateActivationFn" : {
                "Sigmoid" : { }
              },
              "gradientNormalization" : "RenormalizeL2PerLayer",
              "gradientNormalizationThreshold" : 1.0,
              "idropout" : null,
              "iupdater" : {
                "@class" : "org.nd4j.linalg.learning.config.RmsProp",
                "epsilon" : 1.0E-8,
                "learningRate" : 0.1,
                "rmsDecay" : 0.95
              },
              "l1" : 0.0,
              "l1Bias" : 0.0,
              "l2" : 0.0,
              "l2Bias" : 0.0,
              "layerName" : "decoder",
              "nin" : 883,
              "nout" : 512,
              "weightInit" : "XAVIER",
              "weightInitRecurrent" : null,
              "weightNoise" : null
            }
          },
          "maxNumLineSearchIterations" : 5,
          "miniBatch" : true,
          "minimize" : true,
          "optimizationAlgo" : "STOCHASTIC_GRADIENT_DESCENT",
          "pretrain" : false,
          "seed" : 1525450631586,
          "stepFunction" : null,
          "variables" : [ "W", "RW", "b" ]
        },
        "outputVertex" : false,
        "preProcessor" : null
      }
    },
    "output" : {
      "LayerVertex" : {
        "layerConf" : {
          "cacheMode" : "NONE",
          "epochCount" : 0,
          "iterationCount" : 0,
          "l1ByParam" : {
            "b" : 0.0,
            "W" : 0.0
          },
          "l2ByParam" : {
            "b" : 0.0,
            "W" : 0.0
          },
          "layer" : {
            "rnnoutput" : {
              "activationFn" : {
                "Softmax" : { }
              },
              "biasInit" : 0.0,
              "biasUpdater" : null,
              "constraints" : null,
              "dist" : null,
              "gradientNormalization" : "RenormalizeL2PerLayer",
              "gradientNormalizationThreshold" : 1.0,
              "hasBias" : true,
              "idropout" : null,
              "iupdater" : {
                "@class" : "org.nd4j.linalg.learning.config.RmsProp",
                "epsilon" : 1.0E-8,
                "learningRate" : 0.1,
                "rmsDecay" : 0.95
              },
              "l1" : 0.0,
              "l1Bias" : 0.0,
              "l2" : 0.0,
              "l2Bias" : 0.0,
              "layerName" : "output",
              "lossFn" : {
                "MCXENT" : {
                  "softmaxClipEps" : 1.0E-10,
                  "configProperties" : false
                }
              },
              "nin" : 512,
              "nout" : 371,
              "weightInit" : "XAVIER",
              "weightNoise" : null
            }
          },
          "maxNumLineSearchIterations" : 5,
          "miniBatch" : true,
          "minimize" : true,
          "optimizationAlgo" : "STOCHASTIC_GRADIENT_DESCENT",
          "pretrain" : false,
          "seed" : 1525450631586,
          "stepFunction" : null,
          "variables" : [ "W", "b" ]
        },
        "outputVertex" : false,
        "preProcessor" : null
      }
    }
  }
}